filename,AbsRel,RMSE,MAE,a1,image_width,image_height
00022_00193_outdoor_000_000.png,0.3212394416332245,7.869028091430664,4.303037166595459,0.5800548923470475,1024,768
00022_00193_outdoor_000_020.png,0.49901169538497925,5.917297840118408,4.704158782958984,0.7148541805911025,1024,768
00022_00193_outdoor_000_040.png,0.13492588698863983,3.6393609046936035,2.2551136016845703,0.9365186286351389,1024,768
00022_00193_outdoor_010_010.png,0.5224141478538513,4.611844539642334,3.653874158859253,0.5470842006993047,1024,768
00022_00193_outdoor_010_030.png,0.1200006976723671,3.603182315826416,2.1491570472717285,0.9223186193286541,1024,768
00022_00193_outdoor_020_000.png,0.24961131811141968,8.435029029846191,3.721078634262085,0.717184215901379,1024,768
00022_00193_outdoor_030_020.png,0.5028119087219238,5.667776107788086,4.078873157501221,0.6722723985900293,1024,768
00022_00193_outdoor_030_040.png,0.1838558465242386,4.204611778259277,2.9436771869659424,0.8768434613347209,1024,768
00022_00193_outdoor_040_000.png,0.1294836699962616,2.431468963623047,0.8201001882553101,0.8608310341944654,1024,768
00022_00193_outdoor_050_010.png,0.18673484027385712,3.825399398803711,2.089268207550049,0.7273417159403363,1024,768
00022_00193_outdoor_050_030.png,0.27378612756729126,3.9961342811584473,3.1670680046081543,0.6833212183658203,1024,768
00022_00193_outdoor_050_050.png,0.1320168524980545,4.138139247894287,2.254094123840332,0.7781138654893324,1024,768
00022_00193_outdoor_060_000.png,0.15390150249004364,1.5458786487579346,0.9497581124305725,0.7584564545357638,1024,768
00022_00193_outdoor_060_020.png,0.24193139374256134,5.2975335121154785,3.192946434020996,0.6308329349443097,1024,768
00022_00193_outdoor_060_040.png,0.20199672877788544,4.610516548156738,2.8958916664123535,0.6523733669757446,1024,768
00022_00193_outdoor_070_010.png,0.14058150351047516,1.702636957168579,0.8782422542572021,0.8723489997473806,1024,768
00022_00193_outdoor_070_030.png,0.19825921952724457,4.224984645843506,2.2949228286743164,0.7500363146361891,1024,768
00022_00193_outdoor_070_050.png,0.12964053452014923,2.7907967567443848,1.3368834257125854,0.8655401829590988,1024,768
00022_00193_outdoor_080_040.png,0.10985973477363586,1.9787935018539429,0.8285242915153503,0.9265751014223569,1024,768
00022_00193_outdoor_090_000.png,0.12128535658121109,1.0527944564819336,0.7210304737091064,0.8412380256838088,1024,768
00022_00193_outdoor_100_050.png,0.16878843307495117,2.6694750785827637,1.685854434967041,0.885339612487356,1024,768
00022_00193_outdoor_110_000.png,0.13751080632209778,1.899031400680542,1.0293505191802979,0.7432370465648811,1024,768
00022_00193_outdoor_110_040.png,0.19641166925430298,2.065732717514038,1.19846510887146,0.8825013604391512,1024,768
00022_00193_outdoor_120_050.png,0.12647955119609833,2.401254653930664,1.673534870147705,0.8792527034602549,1024,768
00022_00193_outdoor_130_040.png,0.20514556765556335,3.3865809440612793,1.630366325378418,0.9002389905573661,1024,768
00022_00193_outdoor_140_000.png,0.22061368823051453,6.827548027038574,2.936075448989868,0.6412493196146509,1024,768
00022_00193_outdoor_140_030.png,0.21611011028289795,8.784088134765625,4.857522487640381,0.7455921815698628,1024,768
00022_00193_outdoor_140_050.png,0.10519295930862427,2.2991104125976562,1.6324819326400757,0.9578252398375846,1024,768
00022_00193_outdoor_150_010.png,0.17993667721748352,4.54758358001709,2.418325901031494,0.8409040223018718,1024,768
00022_00193_outdoor_150_040.png,0.12504160404205322,7.468515872955322,4.021412372589111,0.7833613204361362,1024,768
00022_00193_outdoor_160_000.png,0.21968354284763336,7.465690612792969,3.253031015396118,0.6987151193161341,1024,768
00022_00193_outdoor_160_020.png,0.4966334402561188,8.344833374023438,6.701109886169434,0.5915696002434236,1024,768
00022_00193_outdoor_170_010.png,0.5297002792358398,11.874748229980469,8.023393630981445,0.379378874428094,1024,768
00022_00193_outdoor_170_030.png,0.631161630153656,8.469501495361328,5.293072700500488,0.8798942563385671,1024,768
00022_00193_outdoor_180_020.png,1.3521604537963867,11.956212043762207,9.276205062866211,0.26790261059097437,1024,768
00022_00193_outdoor_190_000.png,0.2776741683483124,6.435825824737549,2.7404873371124268,0.7009550567389299,1024,768
00022_00193_outdoor_200_010.png,0.6536684036254883,9.969529151916504,5.271566390991211,0.4722592287980642,1024,768
00022_00193_outdoor_210_000.png,0.30710217356681824,6.485320091247559,3.17641282081604,0.6050186775672295,1024,768
00022_00193_outdoor_210_020.png,1.6607171297073364,11.532557487487793,8.800287246704102,0.23814106705805888,1024,768
00022_00193_outdoor_220_010.png,0.6303086280822754,8.091445922851562,5.012082099914551,0.4182355500865972,1024,768
00022_00193_outdoor_220_030.png,1.337548851966858,9.819814682006836,7.0996174812316895,0.3416536821598008,1024,768
00022_00193_outdoor_230_000.png,0.32605257630348206,5.452083110809326,3.0843899250030518,0.5641478347650715,1024,768
00022_00193_outdoor_230_040.png,0.8558117747306824,8.012575149536133,5.442997455596924,0.5686203978617951,1024,768
00022_00193_outdoor_240_030.png,0.8995866775512695,8.713089942932129,7.002310276031494,0.4240669216134087,1024,768
00022_00193_outdoor_310_000.png,0.4680384695529938,7.718743801116943,3.6282804012298584,0.5419501235610119,1024,768
00022_00193_outdoor_320_020.png,0.7841324210166931,12.639354705810547,6.8758063316345215,0.17376154180982986,1024,768
00022_00193_outdoor_330_010.png,0.80391526222229,9.744032859802246,5.1754350662231445,0.23260302918413828,1024,768
00022_00193_outdoor_340_000.png,0.4656854569911957,8.92051887512207,4.62138557434082,0.5018847121845343,1024,768
00022_00193_outdoor_340_020.png,1.217064380645752,10.258498191833496,7.450940132141113,0.22059971623116978,1024,768
00022_00193_outdoor_350_010.png,0.8794319033622742,7.413566589355469,5.144172191619873,0.41678740779768175,1024,768
00022_00193_outdoor_350_030.png,0.5688366889953613,6.381801128387451,4.013167858123779,0.8052328973469539,1024,768
00022_00194_outdoor_000_000.png,0.4173598885536194,7.564104080200195,3.6658430099487305,0.6101932965495962,1024,768
00022_00194_outdoor_000_020.png,1.8990561962127686,10.86157512664795,8.86803913116455,0.11347871101332989,1024,768
00022_00194_outdoor_010_040.png,0.6020896434783936,19.314950942993164,12.742384910583496,0.30605349086076933,1024,768
00022_00194_outdoor_020_010.png,0.5965443849563599,7.520045757293701,4.851065635681152,0.4769236193377334,1024,768
00022_00194_outdoor_020_030.png,1.5058071613311768,9.978659629821777,7.439892292022705,0.4937500843064167,1024,768
00022_00194_outdoor_030_000.png,0.3437710702419281,7.983951568603516,3.9727933406829834,0.6039979476654694,1024,768
00022_00194_outdoor_040_020.png,0.7048234939575195,7.617207050323486,5.859713077545166,0.5557228058825155,1024,768
00022_00194_outdoor_040_040.png,0.5023216605186462,6.4343342781066895,4.943302154541016,0.6370656823108923,1024,768
00022_00194_outdoor_050_000.png,0.269013375043869,5.584733486175537,2.568070650100708,0.6617202554252092,1024,768
00022_00194_outdoor_050_030.png,0.4820164144039154,5.784204006195068,4.451745986938477,0.7044776926926637,1024,768
00022_00194_outdoor_060_010.png,0.2873457372188568,4.485815525054932,2.4637537002563477,0.746221121139374,1024,768
00022_00194_outdoor_060_040.png,0.3034816086292267,4.971804141998291,3.1938576698303223,0.755467346279047,1024,768
00022_00194_outdoor_070_030.png,0.5276235342025757,6.003914833068848,3.7382307052612305,0.7788078017845965,1024,768
00022_00194_outdoor_070_050.png,0.12604010105133057,3.9248242378234863,2.3791730403900146,0.8274182593670489,1024,768
00022_00194_outdoor_080_040.png,0.11996663361787796,2.6719493865966797,1.6887437105178833,0.9092615870704666,1024,768
00022_00194_outdoor_100_050.png,0.09983707964420319,2.80924129486084,1.9174929857254028,0.9385185140843525,1024,768
00022_00194_outdoor_110_000.png,0.2642924189567566,4.203561305999756,2.527238130569458,0.5825799364617743,1024,768
00022_00194_outdoor_110_020.png,0.18492132425308228,4.85091495513916,2.925344705581665,0.7657880736229653,1024,768
00022_00194_outdoor_110_040.png,0.10125288367271423,3.033676862716675,1.7769209146499634,0.893859160163508,1024,768
00022_00194_outdoor_120_010.png,0.21157820522785187,4.085940837860107,2.187757730484009,0.8772516389837254,1024,768
00022_00194_outdoor_120_050.png,0.09937631338834763,2.843945264816284,2.007693290710449,0.951647938019024,1024,768
00022_00194_outdoor_130_000.png,0.23284022510051727,8.089608192443848,3.593109130859375,0.729068183428831,1024,768
00022_00194_outdoor_130_020.png,0.48554694652557373,6.382876873016357,4.576728820800781,0.6961903400208339,1024,768
00022_00194_outdoor_140_010.png,0.46504703164100647,12.138132095336914,7.978739261627197,0.38309711979123506,1024,768
00022_00194_outdoor_140_030.png,0.6656335592269897,9.085306167602539,6.910186767578125,0.6853976043129959,1024,768
00022_00194_outdoor_150_000.png,0.3069756329059601,8.20639419555664,3.584883451461792,0.6634495060373217,1024,768
00022_00194_outdoor_150_020.png,1.0136535167694092,9.879048347473145,7.577739715576172,0.4156593579439105,1024,768
00022_00194_outdoor_160_010.png,0.6129486560821533,11.759905815124512,6.964386940002441,0.4108907624692423,1024,768
00022_00194_outdoor_160_030.png,1.719175100326538,12.451146125793457,10.241680145263672,0.3094754165809504,1024,768
00022_00194_outdoor_170_020.png,1.3115451335906982,10.80191707611084,8.78564167022705,0.17119772090049895,1024,768
00022_00194_outdoor_180_010.png,0.7253455519676208,10.028688430786133,6.060483455657959,0.42748959314671897,1024,768
00022_00194_outdoor_180_030.png,2.279656171798706,13.369627952575684,11.616703033447266,0.12278321439254733,1024,768
00022_00194_outdoor_190_020.png,1.2609946727752686,11.012983322143555,8.266654968261719,0.3350110105093746,1024,768
00022_00194_outdoor_210_030.png,1.2926251888275146,9.523908615112305,7.989461898803711,0.23117870154691514,1024,768
00022_00194_outdoor_230_030.png,0.7058724164962769,5.83447265625,4.474456787109375,0.7479523939954705,1024,768
00022_00194_outdoor_250_010.png,0.4561731517314911,3.9815919399261475,3.0350208282470703,0.5426207085996829,1024,768
00022_00194_outdoor_250_040.png,0.6307876706123352,5.026830673217773,3.5167317390441895,0.7161880273784087,1024,768
00022_00194_outdoor_260_030.png,0.3168785274028778,3.7145965099334717,2.6771860122680664,0.7995672611463146,1024,768
00022_00194_outdoor_270_040.png,0.39736098051071167,3.8818933963775635,2.815542697906494,0.8263655358477716,1024,768
00022_00194_outdoor_280_030.png,0.6671444773674011,5.512644290924072,4.507901668548584,0.5984358008015407,1024,768
00022_00194_outdoor_330_010.png,0.6742201447486877,10.276498794555664,5.332289218902588,0.5654990888843896,1024,768
00022_00194_outdoor_340_000.png,0.4259769022464752,7.445799827575684,3.584786891937256,0.5629246773869686,1024,768
00022_00194_outdoor_340_020.png,1.3202251195907593,11.17903995513916,7.417529106140137,0.2485042228606774,1024,768
00022_00194_outdoor_350_010.png,0.8017797470092773,8.874896049499512,4.93272590637207,0.34148963052863485,1024,768
00022_00195_outdoor_000_000.png,0.25378215312957764,1.6902375221252441,1.0269397497177124,0.7432925630909938,1024,768
00022_00195_outdoor_000_020.png,0.2347845584154129,4.009827613830566,2.3302249908447266,0.6731655737636404,1024,768
00022_00195_outdoor_000_040.png,0.3249104619026184,3.6461689472198486,3.092627763748169,0.5957030450620063,1024,768
00022_00195_outdoor_010_030.png,0.14680777490139008,5.42243766784668,2.317826986312866,0.7799660037844843,1024,768
00022_00195_outdoor_020_010.png,0.17561662197113037,4.595989227294922,1.7823156118392944,0.7534829017018003,1024,768
00022_00195_outdoor_070_000.png,0.6454178094863892,10.370989799499512,5.229569435119629,0.40458083609802903,1024,768
00022_00195_outdoor_090_000.png,0.62358158826828,9.168862342834473,4.341707706451416,0.553535012130302,1024,768
00022_00195_outdoor_140_000.png,0.08554736524820328,3.7885501384735107,1.1742048263549805,0.8795494251929348,1024,768
00022_00195_outdoor_140_020.png,0.23042625188827515,15.462063789367676,6.40592622756958,0.7434200468690434,1024,768
00022_00195_outdoor_150_010.png,0.1341211199760437,9.21969985961914,2.9898643493652344,0.8562317192070198,1024,768
00022_00195_outdoor_150_030.png,0.06638888269662857,3.0303399562835693,0.4893166720867157,0.9748656966083702,1024,768
00022_00195_outdoor_150_050.png,0.06016018986701965,0.5391626954078674,0.25400325655937195,0.9811030051089403,1024,768
00022_00195_outdoor_160_000.png,0.042505811899900436,0.3683912456035614,0.1964196115732193,0.9875034209583443,1024,768
00022_00195_outdoor_160_020.png,0.05991513654589653,1.0266647338867188,0.3065366744995117,0.9797634058266886,1024,768
00022_00195_outdoor_160_040.png,0.05911972001194954,2.4029572010040283,0.4413434565067291,0.980449920447736,1024,768
00022_00195_outdoor_170_010.png,0.05582944303750992,0.36460554599761963,0.25885069370269775,0.9883090117523261,1024,768
00022_00195_outdoor_170_030.png,0.04385500028729439,0.38030582666397095,0.21044354140758514,0.9825639236753061,1024,768
00022_00195_outdoor_170_050.png,0.06851084530353546,0.6305039525032043,0.42908376455307007,0.9608857096051985,1024,768
00022_00195_outdoor_180_000.png,0.040392111986875534,0.3030831813812256,0.2084193229675293,0.9932930695496033,1024,768
00022_00195_outdoor_180_020.png,0.06759355962276459,0.5017620325088501,0.35958611965179443,0.960186958832894,1024,768
00022_00195_outdoor_190_010.png,0.022953055799007416,0.2886059582233429,0.14548662304878235,0.9912979184818909,1024,768
00022_00195_outdoor_190_040.png,0.05530782788991928,0.6432114839553833,0.3791872560977936,0.978036020223683,1024,768
00022_00195_outdoor_200_000.png,0.059722092002630234,0.5017324090003967,0.3408583104610443,0.9446903768821997,1024,768
00022_00195_outdoor_200_030.png,0.03686137497425079,0.5554030537605286,0.2572080194950104,0.9763245355186765,1024,768
00022_00195_outdoor_210_010.png,0.05650656297802925,0.6595702171325684,0.36239972710609436,0.9652405298660223,1024,768
00022_00195_outdoor_210_050.png,0.06991994380950928,1.0916380882263184,0.5792993307113647,0.9467684564769152,1024,768
00022_00195_outdoor_220_000.png,0.11759810149669647,0.9808009266853333,0.5826451778411865,0.8954608775589576,1024,768
00022_00195_outdoor_220_030.png,0.06482426822185516,0.8207735419273376,0.4954306185245514,0.9561307378724727,1024,768
00022_00195_outdoor_240_010.png,0.21414808928966522,1.2634716033935547,0.8226845264434814,0.8112360819068317,1024,768
00022_00195_outdoor_240_050.png,0.11292017251253128,1.3526787757873535,0.7376523017883301,0.9248124721271418,1024,768
00022_00195_outdoor_250_000.png,0.27415114641189575,1.393545389175415,0.8447638750076294,0.8871643993965557,1024,768
00022_00195_outdoor_260_010.png,0.33890408277511597,1.6866129636764526,1.129826307296753,0.7948386861002662,1024,768
00022_00195_outdoor_270_000.png,0.33952847123146057,1.838807463645935,1.1714167594909668,0.7418636116642715,1024,768
00022_00195_outdoor_280_010.png,0.2867475748062134,2.1573121547698975,1.4441685676574707,0.7585371043310289,1024,768
00022_00195_outdoor_280_030.png,0.12347094714641571,1.6524032354354858,1.003555178642273,0.9224076159279353,1024,768
00022_00195_outdoor_290_000.png,0.23509341478347778,2.284507989883423,1.633821964263916,0.6737239248708204,1024,768
00022_00195_outdoor_290_020.png,0.12005461007356644,1.7055507898330688,1.0118178129196167,0.9079676620530976,1024,768
00022_00195_outdoor_290_040.png,0.13218669593334198,1.8878988027572632,1.257016897201538,0.8896022266032704,1024,768
00022_00195_outdoor_300_010.png,0.1510038673877716,1.9268490076065063,1.4359567165374756,0.9097504539617077,1024,768
00022_00195_outdoor_300_030.png,0.09055796265602112,1.7808756828308105,1.1288100481033325,0.9472193833516452,1024,768
00022_00195_outdoor_300_050.png,0.10175216197967529,1.9350612163543701,1.2474786043167114,0.9222870736341293,1024,768
00022_00195_outdoor_310_000.png,0.15393157303333282,1.9118860960006714,1.2932788133621216,0.8467224043033293,1024,768
00022_00195_outdoor_310_020.png,0.1153920367360115,2.0922646522521973,1.189386010169983,0.9262245988072921,1024,768
00022_00195_outdoor_320_010.png,0.18843430280685425,2.23771071434021,1.4057222604751587,0.8242550943691535,1024,768
00022_00195_outdoor_320_040.png,0.12186092883348465,2.6304585933685303,1.612892508506775,0.9238994404799337,1024,768
00022_00195_outdoor_330_020.png,0.24474725127220154,2.7771828174591064,1.7353121042251587,0.8887867619981912,1024,768
00022_00195_outdoor_330_050.png,0.10833826661109924,3.1672918796539307,1.991875410079956,0.8762982324663218,1024,768
00022_00195_outdoor_340_000.png,0.2704576849937439,2.1149206161499023,1.4497994184494019,0.7506328096749568,1024,768
00022_00195_outdoor_340_040.png,0.1975196897983551,3.019312620162964,2.174039602279663,0.8592616246223379,1024,768
00022_00195_outdoor_350_010.png,0.2769739627838135,2.826533555984497,1.8733923435211182,0.6478487713068276,1024,768
00022_00195_outdoor_350_030.png,0.21266567707061768,2.585916042327881,1.9309090375900269,0.74849781110772,1024,768
00022_00195_outdoor_350_050.png,0.28129997849464417,4.157413005828857,3.4880223274230957,0.8067814796349685,1024,768
00022_00196_outdoor_000_010.png,0.30427855253219604,7.1944580078125,4.600019931793213,0.47901624374124546,1024,768
00022_00196_outdoor_000_030.png,0.45778515934944153,8.447555541992188,6.839601993560791,0.5425092953058375,1024,768
00022_00196_outdoor_010_000.png,0.3796568512916565,9.147868156433105,5.080989837646484,0.3583489530014584,1024,768
00022_00196_outdoor_010_020.png,0.3346124589443207,7.238000392913818,5.482203006744385,0.6138771579454229,1024,768
00022_00196_outdoor_010_040.png,0.5989784002304077,9.299717903137207,7.939229488372803,0.3032016487622959,1024,768
00022_00196_outdoor_020_030.png,0.30168652534484863,6.574715614318848,4.633846282958984,0.7114680110083648,1024,768
00022_00196_outdoor_020_050.png,0.5112857818603516,6.89194917678833,5.407221794128418,0.4618558412226049,1024,768
00022_00196_outdoor_030_020.png,0.25963667035102844,5.519432544708252,3.9134469032287598,0.6679848015350333,1024,768
00022_00196_outdoor_030_040.png,0.48435333371162415,7.429589748382568,5.589514255523682,0.6240462795087942,1024,768
00022_00196_outdoor_040_030.png,0.2857627272605896,5.396633148193359,3.4231181144714355,0.7710163460052021,1024,768
00022_00196_outdoor_040_050.png,0.5986468195915222,6.773419380187988,5.266664028167725,0.407168388642661,1024,768
00022_00196_outdoor_050_040.png,0.3004460632801056,4.416725158691406,3.1888341903686523,0.8061259203642341,1024,768
00022_00196_outdoor_060_010.png,0.2977314591407776,2.8971199989318848,2.095867395401001,0.7907139423206772,1024,768
00022_00196_outdoor_060_030.png,0.19398784637451172,3.1683173179626465,1.943169355392456,0.8750647974205212,1024,768
00022_00196_outdoor_060_050.png,0.5527908205986023,4.9330267906188965,3.310602903366089,0.690222897212295,1024,768
00022_00196_outdoor_070_000.png,0.3776240944862366,3.7184810638427734,2.487184524536133,0.46494592289209974,1024,768
00022_00196_outdoor_070_020.png,0.32097509503364563,2.6808550357818604,1.5224742889404297,0.7977661724705148,1024,768
00022_00196_outdoor_070_040.png,0.2905333340167999,3.4828133583068848,2.1371307373046875,0.8379939472293274,1024,768
00022_00196_outdoor_080_010.png,0.42227211594581604,3.374890089035034,2.5365989208221436,0.5947810739508829,1024,768
00022_00196_outdoor_080_030.png,0.14720402657985687,2.4612488746643066,1.3181123733520508,0.9026613616029798,1024,768
00022_00196_outdoor_080_050.png,0.630450427532196,4.922785758972168,3.485325813293457,0.6404856586206502,1024,768
00022_00196_outdoor_090_020.png,0.4643678665161133,4.121719837188721,2.7484445571899414,0.7409662212552256,1024,768
00022_00196_outdoor_090_040.png,0.3793959319591522,4.395234107971191,3.2017829418182373,0.832473885390981,1024,768
00022_00196_outdoor_100_000.png,0.41288116574287415,7.216248989105225,4.038088321685791,0.5072553962918331,1024,768
00022_00196_outdoor_100_030.png,0.3649119734764099,8.378369331359863,5.051541805267334,0.7090922696065899,1024,768
00022_00196_outdoor_110_010.png,0.7510494589805603,9.269834518432617,6.816038131713867,0.2489854354656472,1024,768
00022_00196_outdoor_120_000.png,0.38115212321281433,9.837512016296387,4.912508487701416,0.4349738452917503,1024,768
00022_00196_outdoor_120_020.png,0.5752388834953308,10.363717079162598,8.124350547790527,0.42148351808116413,1024,768
00022_00196_outdoor_170_010.png,0.34296715259552,9.7257080078125,6.478625774383545,0.40119035483019566,1024,768
00022_00196_outdoor_180_000.png,0.2479483187198639,8.183873176574707,3.922071933746338,0.5522991856841258,1024,768
00022_00196_outdoor_180_020.png,0.43254339694976807,10.84718132019043,8.759952545166016,0.47872295128036996,1024,768
00022_00196_outdoor_190_010.png,0.3079131841659546,7.543740272521973,5.107873439788818,0.4601636119159072,1024,768
00022_00196_outdoor_200_000.png,0.27298498153686523,6.941084861755371,3.8742668628692627,0.4997554046418182,1024,768
00022_00196_outdoor_200_030.png,0.342864453792572,8.24693775177002,5.9325408935546875,0.6189202864258825,1024,768
00022_00196_outdoor_210_010.png,0.30595701932907104,5.907534599304199,4.361743450164795,0.5137244011952627,1024,768
00022_00196_outdoor_220_000.png,0.43519899249076843,10.383733749389648,5.945075035095215,0.36764164551907313,1024,768
00022_00196_outdoor_220_020.png,0.3659151494503021,5.94069242477417,4.356822967529297,0.7932206268422992,1024,768
00022_00196_outdoor_230_010.png,0.5173470973968506,5.8906941413879395,4.30832052230835,0.4584849425060409,1024,768
00022_00196_outdoor_230_030.png,0.37470075488090515,6.525917053222656,4.472604751586914,0.8253724056591903,1024,768
00022_00196_outdoor_240_000.png,0.5131229758262634,10.593551635742188,5.974233150482178,0.3907081728480547,1024,768
00022_00196_outdoor_240_020.png,0.7351411581039429,6.731318473815918,4.511042594909668,0.7247485757886947,1024,768
00022_00196_outdoor_250_010.png,0.9597991108894348,7.967344760894775,6.07541036605835,0.25826224746947757,1024,768
00022_00196_outdoor_290_030.png,2.28946852684021,15.367972373962402,12.890896797180176,0.20591104040795355,1024,768
00022_00196_outdoor_300_000.png,0.3787052631378174,12.339790344238281,6.167686939239502,0.44967565404601145,1024,768
00022_00196_outdoor_300_020.png,1.143577218055725,13.225333213806152,10.672354698181152,0.3705528917021548,1024,768
00022_00196_outdoor_300_040.png,1.5494632720947266,12.385526657104492,9.056635856628418,0.5722879637923719,1024,768
00022_00196_outdoor_310_010.png,0.8179811835289001,13.26391315460205,10.199056625366211,0.16337443706559154,1024,768
00022_00196_outdoor_310_030.png,1.3150914907455444,14.29464340209961,11.819453239440918,0.28858525845461463,1024,768
00022_00196_outdoor_320_000.png,0.32607218623161316,11.596711158752441,5.876374244689941,0.4762503399548207,1024,768
00022_00196_outdoor_320_020.png,0.5373542904853821,10.33798885345459,8.076701164245605,0.49667885068415063,1024,768
00022_00196_outdoor_330_010.png,0.36320608854293823,8.90112590789795,5.758784294128418,0.37250188860655176,1024,768
00022_00196_outdoor_340_000.png,0.37693333625793457,12.15930461883545,6.2406840324401855,0.3719465446592146,1024,768
00022_00196_outdoor_350_020.png,0.4391913115978241,8.581314086914062,6.603174209594727,0.39407627321272015,1024,768
00022_00197_outdoor_000_000.png,0.3942030072212219,11.77409553527832,6.344677925109863,0.5412196031862797,1024,768
00022_00197_outdoor_010_010.png,0.41267508268356323,6.862934589385986,4.87243127822876,0.4992595146075162,1024,768
00022_00197_outdoor_020_000.png,0.33767083287239075,14.07873821258545,7.465919017791748,0.5042797613077272,1024,768
00022_00197_outdoor_020_020.png,0.4701576232910156,9.49372673034668,7.311644077301025,0.5266455165601559,1024,768
00022_00197_outdoor_030_010.png,0.48192551732063293,10.083696365356445,7.781074047088623,0.4588657586717983,1024,768
00022_00197_outdoor_040_000.png,0.36083748936653137,15.980284690856934,8.339688301086426,0.4326511230352818,1024,768
00022_00197_outdoor_040_020.png,0.5743093490600586,13.682535171508789,9.569500923156738,0.5132220573383258,1024,768
00022_00197_outdoor_050_010.png,0.5884202718734741,15.295309066772461,11.329361915588379,0.24628704788943462,1024,768
00022_00197_outdoor_060_020.png,1.8153375387191772,20.346786499023438,15.207390785217285,0.2836535636641401,1024,768
00022_00197_outdoor_070_000.png,0.4286307394504547,16.5146541595459,6.797534942626953,0.5238642378360409,1024,768
00022_00197_outdoor_080_010.png,0.72238689661026,20.955974578857422,10.704794883728027,0.37675477122095347,1024,768
00022_00197_outdoor_100_000.png,0.39477795362472534,8.114364624023438,3.9440817832946777,0.4990051796885564,1024,768
00022_00197_outdoor_140_040.png,0.2820031940937042,3.385385036468506,2.125229835510254,0.8699941388777493,1024,768
00022_00197_outdoor_150_030.png,0.30340009927749634,3.3342480659484863,2.3128585815429688,0.8272924639899798,1024,768
00022_00197_outdoor_150_050.png,0.2293720692396164,3.2600395679473877,2.4660956859588623,0.9115548048774789,1024,768
00022_00197_outdoor_160_010.png,0.4721418619155884,3.3266005516052246,2.4408750534057617,0.5652172687661704,1024,768
00022_00197_outdoor_160_040.png,0.1922304481267929,2.8626224994659424,2.4834864139556885,0.9482908224752237,1024,768
00022_00197_outdoor_170_030.png,0.24986816942691803,2.840167999267578,2.069636583328247,0.9064487490124478,1024,768
00022_00197_outdoor_170_050.png,0.32728394865989685,4.31840705871582,3.088663339614868,0.8884735732708396,1024,768
00022_00197_outdoor_180_000.png,0.36747971177101135,4.563767910003662,2.69547176361084,0.5656381230600693,1024,768
00022_00197_outdoor_180_020.png,0.3554552495479584,2.9962501525878906,2.165745735168457,0.8094526970366902,1024,768
00022_00197_outdoor_180_040.png,0.15017466247081757,5.315556049346924,2.6141374111175537,0.816717873101484,1024,768
00022_00197_outdoor_190_010.png,0.41746246814727783,3.414635419845581,2.3006012439727783,0.6063038309353329,1024,768
00022_00197_outdoor_190_030.png,0.13750433921813965,3.2068350315093994,1.9043253660202026,0.919722065186667,1024,768
00022_00197_outdoor_200_000.png,0.24704943597316742,4.426897048950195,2.250863790512085,0.6416817640800936,1024,768
00022_00197_outdoor_200_020.png,0.19546422362327576,3.0319926738739014,2.102748155593872,0.7923547064957122,1024,768
00022_00197_outdoor_200_050.png,0.45962271094322205,7.529601573944092,5.082670211791992,0.6145085225358755,1024,768
00022_00197_outdoor_210_010.png,0.3796515166759491,4.293576240539551,3.2302684783935547,0.39444819085620586,1024,768
00022_00197_outdoor_210_030.png,0.20159059762954712,3.793389081954956,2.3488714694976807,0.8829718931284077,1024,768
00022_00197_outdoor_220_020.png,0.2516002058982849,2.6177546977996826,1.7881145477294922,0.7257929310633887,1024,768
00022_00197_outdoor_220_040.png,0.297010600566864,6.3643999099731445,4.1139817237854,0.7984712169383752,1024,768
00022_00197_outdoor_230_010.png,0.36520838737487793,2.735654830932617,2.2243287563323975,0.5227033544808075,1024,768
00022_00197_outdoor_230_030.png,0.21339915692806244,3.105431079864502,1.9446985721588135,0.8594697621135606,1024,768
00022_00197_outdoor_230_050.png,0.38017523288726807,6.33390474319458,3.9822514057159424,0.6954623359023694,1024,768
00022_00197_outdoor_240_000.png,0.24284064769744873,1.640750527381897,1.0481922626495361,0.6665321108226717,1024,768
00022_00197_outdoor_240_020.png,0.2032291293144226,1.7285408973693848,1.0318530797958374,0.7776034466674017,1024,768
00022_00197_outdoor_240_040.png,0.20394764840602875,3.1601510047912598,2.0920190811157227,0.8699941037033507,1024,768
00022_00197_outdoor_250_010.png,0.32796579599380493,2.2800562381744385,1.8650389909744263,0.6426575527178303,1024,768
00022_00197_outdoor_250_030.png,0.14863580465316772,1.8760440349578857,1.1863796710968018,0.9049331256870649,1024,768
00022_00197_outdoor_250_050.png,0.28988438844680786,3.486445903778076,2.7612149715423584,0.68231735105464,1024,768
00022_00197_outdoor_260_020.png,0.19149211049079895,2.943490982055664,1.875308632850647,0.6527946898420238,1024,768
00022_00197_outdoor_260_040.png,0.14438603818416595,3.422659397125244,2.05718731880188,0.7198378295119483,1024,768
00022_00197_outdoor_270_000.png,0.2383424937725067,1.6671186685562134,1.1767759323120117,0.6622816049063726,1024,768
00022_00197_outdoor_270_030.png,0.06961793452501297,1.6132539510726929,0.7860575914382935,0.8712616718802587,1024,768
00022_00197_outdoor_280_010.png,0.14981041848659515,1.4867910146713257,1.1262280941009521,0.9111655575565054,1024,768
00022_00197_outdoor_280_050.png,0.20657354593276978,2.857825517654419,2.3086583614349365,0.7563863504916136,1024,768
00022_00197_outdoor_290_000.png,0.12078364938497543,1.4932140111923218,0.9486772418022156,0.8683180500869943,1024,768
00022_00197_outdoor_290_020.png,0.0781310424208641,1.5917937755584717,0.9101940989494324,0.9371495299939675,1024,768
00022_00197_outdoor_290_040.png,0.15113428235054016,2.374521017074585,1.9125688076019287,0.8398955966684603,1024,768
00022_00197_outdoor_300_010.png,0.25489047169685364,4.071593761444092,2.4089274406433105,0.6903952604818435,1024,768
00022_00197_outdoor_300_030.png,0.1900479942560196,4.692969799041748,2.7033050060272217,0.8090250406244931,1024,768
00022_00197_outdoor_300_050.png,0.24329115450382233,3.4889848232269287,2.553475856781006,0.7523794482475679,1024,768
00022_00197_outdoor_310_000.png,0.2525200843811035,5.286707401275635,2.7253758907318115,0.5899698403739958,1024,768
00022_00197_outdoor_310_020.png,0.3458920121192932,6.755471229553223,4.155702590942383,0.6571865872794235,1024,768
00022_00197_outdoor_310_040.png,0.3439984917640686,6.02337646484375,3.8883185386657715,0.7039463204842307,1024,768
00022_00197_outdoor_320_010.png,0.44093456864356995,7.162247180938721,5.1089372634887695,0.4010335480239664,1024,768
00022_00197_outdoor_320_030.png,0.4561789631843567,9.086892127990723,6.228442192077637,0.60005369178995,1024,768
00022_00197_outdoor_330_000.png,0.3117060959339142,9.317573547363281,4.527613639831543,0.5966338386321809,1024,768
00022_00197_outdoor_330_020.png,0.9995593428611755,10.308337211608887,8.229384422302246,0.3710561817714126,1024,768
00022_00197_outdoor_340_010.png,0.6571593880653381,8.670969009399414,6.269871234893799,0.377869167431778,1024,768
00022_00197_outdoor_350_020.png,1.191017746925354,10.22885513305664,8.42287826538086,0.5302158076635137,1024,768
00023_00198_outdoor_000_020.png,0.23674745857715607,22.410964965820312,9.092272758483887,0.6341955381253013,1024,768
00023_00198_outdoor_070_020.png,0.04671082645654678,2.166487455368042,1.2280330657958984,0.9642629282548743,1024,768
00023_00198_outdoor_080_000.png,,,,,1024,768
00023_00198_outdoor_080_030.png,0.07225287705659866,4.320069789886475,2.32161808013916,0.9015263203538288,1024,768
00023_00198_outdoor_090_010.png,0.25672563910484314,5.494805335998535,3.619037628173828,0.5814846678008926,1024,768
00023_00198_outdoor_100_000.png,0.3468828499317169,9.30747127532959,4.862743377685547,0.5588599485649498,1024,768
00023_00198_outdoor_190_000.png,,,,,1024,768
00023_00198_outdoor_190_020.png,0.09966035932302475,3.8686091899871826,1.344219446182251,0.8763171226284928,1024,768
00023_00198_outdoor_200_010.png,0.21589364111423492,1.4749808311462402,1.0557059049606323,0.7136512411805347,1024,768
00023_00198_outdoor_210_000.png,0.20088955760002136,4.1628313064575195,2.3735191822052,0.6701321702389035,1024,768
00023_00198_outdoor_220_010.png,0.1167212426662445,1.9042962789535522,1.3202944993972778,0.9096788013758149,1024,768
00023_00198_outdoor_230_000.png,0.053872209042310715,1.8254698514938354,0.6799059510231018,0.9699909933703079,1024,768
00023_00198_outdoor_240_020.png,0.1408396065235138,3.5203261375427246,2.3080151081085205,0.8734753561515494,1024,768
00023_00198_outdoor_250_010.png,0.3038843274116516,8.52597427368164,5.9365925788879395,0.43114482642976665,1024,768
00023_00198_outdoor_250_030.png,0.1600157469511032,6.2861857414245605,3.7987449169158936,0.8511496960844367,1024,768
00023_00198_outdoor_260_000.png,0.07975734770298004,10.058664321899414,2.6347315311431885,0.9464141029557067,1024,768
00023_00198_outdoor_260_020.png,0.16094599664211273,10.398435592651367,5.41317081451416,0.8232763356765613,1024,768
00023_00198_outdoor_270_010.png,0.2868400514125824,12.932669639587402,7.298730850219727,0.4500893282908081,1024,768
00023_00198_outdoor_280_000.png,0.2681300640106201,16.132680892944336,6.378003120422363,0.6586007106113095,1024,768
00023_00198_outdoor_290_020.png,0.29433584213256836,19.313310623168945,10.769062042236328,0.5107932047515646,1024,768
00023_00198_outdoor_300_010.png,0.11614231765270233,13.535872459411621,3.969407558441162,0.8636512575156573,1024,768
00023_00198_outdoor_310_000.png,0.12756553292274475,6.734785556793213,1.8681074380874634,0.8362279533836317,1024,768
00023_00198_outdoor_310_020.png,0.17233781516551971,17.857328414916992,7.321276664733887,0.7806341414402388,1024,768
00023_00198_outdoor_320_010.png,0.10507868975400925,10.262045860290527,2.8522768020629883,0.9012973498713631,1024,768
00023_00198_outdoor_330_000.png,0.08984386920928955,6.994949817657471,1.5815091133117676,0.9425642990094245,1024,768
00023_00198_outdoor_340_020.png,0.2358625829219818,20.122106552124023,8.499473571777344,0.7223615859343782,1024,768
00023_00198_outdoor_350_010.png,0.08512703329324722,9.099668502807617,2.232651948928833,0.8974162029052297,1024,768
00023_00199_outdoor_000_020.png,0.243352472782135,7.305544853210449,4.526179790496826,0.5478833286806487,1024,768
00023_00199_outdoor_010_000.png,0.15355239808559418,9.567728996276855,2.8398001194000244,0.7834121993070498,1024,768
00023_00199_outdoor_020_010.png,0.13773974776268005,16.44522476196289,5.054523944854736,0.8726279369450476,1024,768
00023_00199_outdoor_030_000.png,0.1351701319217682,12.796241760253906,2.9226458072662354,0.8458788569064892,1024,768
00023_00199_outdoor_030_020.png,0.12182759493589401,19.17154312133789,5.689920902252197,0.8686993183926998,1024,768
00023_00199_outdoor_040_010.png,0.10531225055456161,14.926135063171387,3.6688835620880127,0.9171135046643035,1024,768
00023_00199_outdoor_110_000.png,0.05012090131640434,2.881897211074829,0.4589889347553253,0.9825825202124476,1024,768
00023_00199_outdoor_120_010.png,0.04121338203549385,6.324477195739746,0.892739474773407,0.9734862024269865,1024,768
00023_00199_outdoor_130_020.png,0.12390199303627014,17.023372650146484,4.008190631866455,0.8582291214335476,1024,768
00023_00199_outdoor_140_010.png,0.1005983054637909,14.608363151550293,2.9268605709075928,0.9117643762538246,1024,768
00023_00199_outdoor_150_030.png,0.34253406524658203,42.58565139770508,23.37016487121582,0.6538946704509618,1024,768
00023_00199_outdoor_160_020.png,0.19568845629692078,25.65532875061035,9.435134887695312,0.771424182190982,1024,768
00023_00199_outdoor_170_010.png,0.16209599375724792,20.0537109375,6.962257385253906,0.8300364343561838,1024,768
00023_00199_outdoor_180_000.png,0.047495365142822266,3.6697404384613037,0.7725357413291931,0.9709950810772277,1024,768
00023_00199_outdoor_180_020.png,0.16597025096416473,12.074111938476562,6.067269325256348,0.7119870877566641,1024,768
00023_00199_outdoor_190_010.png,0.2754904329776764,23.77641487121582,12.102960586547852,0.6437994631987768,1024,768
00023_00199_outdoor_200_000.png,0.08265857398509979,8.434893608093262,2.6677563190460205,0.9172963055625052,1024,768
00023_00199_outdoor_200_020.png,0.3729288876056671,10.160531997680664,8.601180076599121,0.5397247794399693,1024,768
00023_00199_outdoor_210_010.png,0.4119488298892975,17.52383804321289,11.528732299804688,0.2067963171980558,1024,768
00023_00199_outdoor_210_030.png,0.0592949315905571,5.542479038238525,2.3644258975982666,0.9627574700609698,1024,768
00023_00199_outdoor_220_000.png,0.09496099501848221,9.292823791503906,3.094758987426758,0.8757608465227252,1024,768
00023_00199_outdoor_220_020.png,0.16574148833751678,8.874409675598145,5.510384559631348,0.6645486949013704,1024,768
00023_00199_outdoor_230_010.png,0.27820801734924316,9.199578285217285,5.332035541534424,0.49701733025416384,1024,768
00023_00199_outdoor_230_030.png,0.10715802758932114,5.832149505615234,3.385993242263794,0.9144458930261796,1024,768
00023_00199_outdoor_240_000.png,0.07817910611629486,2.6668474674224854,1.0424715280532837,0.9778434288970658,1024,768
00023_00199_outdoor_240_020.png,0.13444752991199493,4.612024307250977,2.4912774562835693,0.8415309898242368,1024,768
00023_00199_outdoor_250_010.png,0.04930729791522026,0.9090850949287415,0.6093076467514038,0.9875243847664761,1024,768
00023_00199_outdoor_260_000.png,0.07748562842607498,2.0131282806396484,0.9433460235595703,0.9472898233038395,1024,768
00023_00199_outdoor_260_020.png,0.05760330334305763,1.075052261352539,0.8217254281044006,0.9709716102958227,1024,768
00023_00199_outdoor_280_010.png,0.06506803631782532,0.865773618221283,0.5415246486663818,0.9339064274447434,1024,768
00023_00199_outdoor_290_000.png,0.0718848779797554,0.9050989151000977,0.6693699359893799,0.9766039939484846,1024,768
00023_00199_outdoor_300_010.png,0.03657639026641846,0.5633280873298645,0.4710290729999542,1.0,1024,768
00023_00199_outdoor_320_000.png,0.07646862417459488,1.121373176574707,0.8798971772193909,0.9963497362043215,1024,768
00023_00199_outdoor_330_010.png,0.058068230748176575,1.227284550666809,0.8484858274459839,0.9810354681371334,1024,768
00023_00199_outdoor_340_000.png,0.10888508707284927,1.9888925552368164,1.2624905109405518,0.9268345342799619,1024,768
00023_00199_outdoor_340_020.png,0.13755497336387634,3.6118791103363037,2.6380412578582764,0.7990149213318799,1024,768
00023_00199_outdoor_350_010.png,0.17869630455970764,4.244365692138672,2.9250144958496094,0.6925874632926078,1024,768
00023_00199_outdoor_350_040.png,0.20068775117397308,4.590956687927246,3.375757932662964,0.6421380619524371,1024,768
00023_00200_outdoor_000_010.png,0.14302119612693787,1.583322286605835,1.0753213167190552,0.8400279273629976,1024,768
00023_00200_outdoor_000_050.png,0.17766042053699493,2.0527844429016113,1.2752346992492676,0.8599991405717653,1024,768
00023_00200_outdoor_010_000.png,0.1285729706287384,1.1159629821777344,0.7861566543579102,0.8472771484919512,1024,768
00023_00200_outdoor_010_020.png,0.15035521984100342,1.6433870792388916,0.9842709898948669,0.8576393383209506,1024,768
00023_00200_outdoor_010_040.png,0.19329974055290222,1.9045792818069458,1.269363284111023,0.8203787133650189,1024,768
00023_00200_outdoor_020_010.png,0.10270226746797562,0.9757579565048218,0.5794617533683777,0.8722233183868068,1024,768
00023_00200_outdoor_020_030.png,0.14882080256938934,1.3816637992858887,0.8663649559020996,0.8852656222153816,1024,768
00023_00200_outdoor_020_050.png,0.1855403333902359,1.7199695110321045,1.034941554069519,0.8466505840273293,1024,768
00023_00200_outdoor_030_000.png,0.08165077865123749,0.6635754704475403,0.4310665726661682,0.9597440630825336,1024,768
00023_00200_outdoor_030_020.png,0.07115533202886581,0.8061100244522095,0.39910122752189636,0.9496203074369172,1024,768
00023_00200_outdoor_030_040.png,0.2041463851928711,1.6720902919769287,1.286172866821289,0.846053462864955,1024,768
00023_00200_outdoor_040_010.png,0.11987469345331192,3.2623445987701416,1.0119527578353882,0.8868003560395832,1024,768
00023_00200_outdoor_040_030.png,0.10351749509572983,1.5243202447891235,0.6132196187973022,0.8909203202803277,1024,768
00023_00200_outdoor_050_000.png,0.14434678852558136,13.532953262329102,3.147395133972168,0.843988834102071,1024,768
00023_00200_outdoor_050_020.png,0.23695778846740723,18.66685676574707,5.849267959594727,0.7161020566671455,1024,768
00023_00200_outdoor_070_010.png,0.35545724630355835,18.77231216430664,6.83151912689209,0.6175174775482029,1024,768
00023_00200_outdoor_080_000.png,0.22866281867027283,6.103799819946289,2.1235036849975586,0.6713548285871186,1024,768
00023_00200_outdoor_080_020.png,0.7995454668998718,25.75663948059082,12.449782371520996,0.4048340781911517,1024,768
00023_00200_outdoor_090_010.png,0.4228934347629547,8.95577335357666,3.5695645809173584,0.6351035938442775,1024,768
00023_00200_outdoor_100_000.png,0.24913766980171204,3.1733551025390625,1.955350637435913,0.6372931346708981,1024,768
00023_00200_outdoor_100_020.png,0.6285966634750366,5.745254993438721,4.300656318664551,0.46304627488306727,1024,768
00023_00200_outdoor_120_010.png,0.42013949155807495,3.562058448791504,2.6100165843963623,0.5964024165885271,1024,768
00023_00200_outdoor_130_000.png,0.23054905235767365,2.204230308532715,1.5463950634002686,0.6656261378403618,1024,768
00023_00200_outdoor_130_020.png,0.5689446330070496,4.5109477043151855,3.1870901584625244,0.5405691524907865,1024,768
00023_00200_outdoor_190_030.png,0.8080917596817017,26.53145980834961,13.029712677001953,0.38029424877396345,1024,768
00023_00200_outdoor_210_030.png,0.8182975053787231,26.64188575744629,13.183164596557617,0.3514734175710709,1024,768
00023_00200_outdoor_280_030.png,0.19379140436649323,1.3165634870529175,0.8238454461097717,0.8607044727714968,1024,768
00023_00200_outdoor_290_000.png,0.5193901658058167,2.14919114112854,1.7115607261657715,0.2997625093353249,1024,768
00023_00200_outdoor_290_020.png,0.4157451093196869,2.310081958770752,1.7723815441131592,0.6236001849644877,1024,768
00023_00200_outdoor_300_010.png,0.37381845712661743,3.1473262310028076,2.1327250003814697,0.6121326653913549,1024,768
00023_00200_outdoor_300_040.png,0.15534920990467072,1.7910197973251343,1.1644083261489868,0.8601869020378567,1024,768
00023_00200_outdoor_310_000.png,0.356869101524353,7.523507595062256,3.593564748764038,0.5268183292667447,1024,768
00023_00200_outdoor_310_020.png,0.38996076583862305,8.40339183807373,4.2936692237854,0.6181663697016846,1024,768
00023_00200_outdoor_320_010.png,0.284274160861969,7.200084686279297,3.677432060241699,0.6850593050388781,1024,768
00023_00200_outdoor_330_000.png,0.2783394157886505,7.0669097900390625,3.481395721435547,0.5751979498103629,1024,768
00023_00200_outdoor_330_030.png,0.2956622838973999,5.043206214904785,2.901492118835449,0.7192992855901802,1024,768
00023_00200_outdoor_340_010.png,0.24561849236488342,7.1263298988342285,3.322261333465576,0.729971506385316,1024,768
00023_00200_outdoor_340_040.png,0.27701741456985474,2.956721544265747,1.9079984426498413,0.8067340486981782,1024,768
00023_00200_outdoor_350_000.png,0.19014377892017365,3.284048318862915,1.7083346843719482,0.7199369312109285,1024,768
00023_00200_outdoor_350_030.png,0.18479862809181213,2.9426321983337402,1.7712090015411377,0.8207829858258833,1024,768
00024_00201_outdoor_000_000.png,0.38075587153434753,12.724410057067871,5.683779716491699,0.49057500553326483,1024,768
00024_00201_outdoor_000_020.png,0.9673426151275635,18.595073699951172,12.377893447875977,0.23248184079821183,1024,768
00024_00201_outdoor_010_010.png,0.7168087959289551,15.23104190826416,8.356935501098633,0.3094378775097614,1024,768
00024_00201_outdoor_030_000.png,0.3950141370296478,12.768033027648926,5.994450092315674,0.43498817966903075,1024,768
00024_00201_outdoor_050_030.png,1.3081697225570679,11.940850257873535,9.001852035522461,0.17083219081097362,1024,768
00024_00201_outdoor_060_000.png,0.4153144657611847,10.793082237243652,4.980935573577881,0.3999505494505495,1024,768
00024_00201_outdoor_060_040.png,0.81884765625,6.919692039489746,5.754178047180176,0.39559550433754503,1024,768
00024_00201_outdoor_070_010.png,0.6106049418449402,9.313077926635742,5.523983955383301,0.3579993443867428,1024,768
00024_00201_outdoor_070_030.png,0.7303602695465088,8.582317352294922,5.311595916748047,0.6546903200563988,1024,768
00024_00201_outdoor_080_000.png,0.38711655139923096,3.817472457885742,2.4597246646881104,0.4170651612572586,1024,768
00024_00201_outdoor_080_020.png,0.2667900025844574,3.5384552478790283,2.544725179672241,0.7651027660064581,1024,768
00024_00201_outdoor_080_040.png,0.20517967641353607,3.9055464267730713,2.5408151149749756,0.8882778744178217,1024,768
00024_00201_outdoor_090_010.png,0.4100874066352844,3.2307136058807373,2.474545478820801,0.6103206340071586,1024,768
00024_00201_outdoor_090_030.png,0.20478126406669617,3.8174216747283936,2.431533098220825,0.7222251900406431,1024,768
00024_00201_outdoor_090_050.png,0.06825968623161316,1.7141515016555786,1.050561785697937,0.9625681724937217,1024,768
00024_00201_outdoor_100_000.png,0.3999054431915283,2.56425404548645,2.071328639984131,0.4383973723791891,1024,768
00024_00201_outdoor_100_020.png,0.1723531186580658,2.0209431648254395,1.2746243476867676,0.8950159192165433,1024,768
00024_00201_outdoor_100_040.png,0.05331459641456604,1.4944936037063599,0.7618032097816467,0.9619913777830272,1024,768
00024_00201_outdoor_110_010.png,0.2145347148180008,2.1512451171875,1.4266681671142578,0.7699471083203976,1024,768
00024_00201_outdoor_110_030.png,0.06042499095201492,1.5291452407836914,0.7912123203277588,0.9538497933064157,1024,768
00024_00201_outdoor_110_050.png,0.04729636758565903,1.5954207181930542,0.7903903722763062,0.9661470400035304,1024,768
00024_00201_outdoor_120_000.png,0.21434009075164795,2.1067633628845215,1.4983046054840088,0.7167668316620495,1024,768
00024_00201_outdoor_120_020.png,0.09494135528802872,1.5940943956375122,0.8638986349105835,0.9310779169596699,1024,768
00024_00201_outdoor_130_010.png,0.18176743388175964,2.141934633255005,1.4642000198364258,0.79946679573905,1024,768
00024_00201_outdoor_130_040.png,0.04318144917488098,1.461659550666809,0.6625342965126038,0.9776430866532718,1024,768
00024_00201_outdoor_140_020.png,0.12491193413734436,2.4072117805480957,1.2762727737426758,0.920611510179404,1024,768
00024_00201_outdoor_140_050.png,0.07272642105817795,2.2610528469085693,1.2704577445983887,0.9645205238102714,1024,768
00024_00201_outdoor_150_030.png,0.38197848200798035,5.090904712677002,3.7994658946990967,0.7997778043210152,1024,768
00024_00201_outdoor_160_040.png,0.6606069803237915,6.962737560272217,5.787594318389893,0.44916173570019724,1024,768
00024_00201_outdoor_170_020.png,0.492782860994339,4.044008731842041,3.12449049949646,0.5472290725618733,1024,768
00024_00201_outdoor_170_050.png,0.6423383355140686,7.210558891296387,6.134909629821777,0.4336097226877286,1024,768
00024_00201_outdoor_180_030.png,0.5667328238487244,8.524300575256348,4.872596263885498,0.34856766214257245,1024,768
00024_00201_outdoor_190_000.png,0.3065573573112488,3.096979856491089,1.6585683822631836,0.6876833572295136,1024,768
00024_00201_outdoor_190_020.png,0.7259419560432434,10.673677444458008,5.311713218688965,0.3723965881910718,1024,768
00024_00201_outdoor_210_020.png,0.6760441064834595,11.079519271850586,6.437290668487549,0.32100940897800734,1024,768
00024_00201_outdoor_220_030.png,0.8428657054901123,11.713485717773438,6.4035258293151855,0.41988879516316374,1024,768
00024_00201_outdoor_230_010.png,0.5993745923042297,5.321882724761963,3.9383885860443115,0.38722506905542503,1024,768
00024_00201_outdoor_240_000.png,0.47944262623786926,5.1333184242248535,3.0183300971984863,0.4922190090381946,1024,768
00024_00201_outdoor_240_020.png,1.2471559047698975,6.9634108543396,5.328960418701172,0.41074028325285705,1024,768
00024_00201_outdoor_320_000.png,0.44133925437927246,15.58049488067627,6.159478664398193,0.5644564978902323,1024,768
00024_00201_outdoor_330_010.png,0.6409100890159607,19.46599578857422,9.757974624633789,0.30592214635794557,1024,768
00024_00201_outdoor_340_000.png,0.39895424246788025,15.357982635498047,7.03415584564209,0.5113853475160329,1024,768
00024_00201_outdoor_350_010.png,0.7415013909339905,16.510086059570312,8.864275932312012,0.33315815271149524,1024,768
00024_00202_outdoor_000_030.png,0.40489935874938965,7.739889144897461,6.532260894775391,0.3514890626372661,1024,768
00024_00202_outdoor_070_010.png,0.44356563687324524,10.681404113769531,5.688446521759033,0.5535982315001475,1024,768
00024_00202_outdoor_080_030.png,0.1692868024110794,6.05305814743042,3.132225275039673,0.7737112724404388,1024,768
00024_00202_outdoor_090_020.png,0.22115303575992584,4.784259796142578,2.484363079071045,0.7702735314432174,1024,768
00024_00202_outdoor_100_000.png,0.1917835772037506,2.0417184829711914,1.178297519683838,0.8021892349490097,1024,768
00024_00202_outdoor_100_030.png,0.06894027441740036,1.5001271963119507,0.8366202116012573,0.9688714897575534,1024,768
00024_00202_outdoor_110_020.png,0.1875310093164444,4.094136714935303,2.132476329803467,0.8303677676534381,1024,768
00024_00202_outdoor_110_040.png,0.08514958620071411,3.770250082015991,1.6390701532363892,0.9274385461565791,1024,768
00024_00202_outdoor_120_000.png,0.23142112791538239,3.3266053199768066,1.813976764678955,0.6939849604318624,1024,768
00024_00202_outdoor_120_030.png,0.09728825092315674,4.931527137756348,2.2263307571411133,0.9102596452675187,1024,768
00024_00202_outdoor_130_020.png,0.2665928602218628,5.809930324554443,3.775456428527832,0.7369557285332036,1024,768
00024_00202_outdoor_130_040.png,0.10235848277807236,6.626254081726074,3.0949018001556396,0.8708989813516196,1024,768
00024_00202_outdoor_140_000.png,0.18791404366493225,3.375142812728882,1.604502558708191,0.6962570801924961,1024,768
00024_00202_outdoor_140_030.png,0.19982336461544037,6.238674640655518,3.748408555984497,0.7746941108215062,1024,768
00024_00202_outdoor_150_020.png,0.29184335470199585,5.9905242919921875,3.5302603244781494,0.5860082972949194,1024,768
00024_00202_outdoor_150_040.png,0.2972065210342407,10.44059944152832,7.1232500076293945,0.49934244382183085,1024,768
00024_00202_outdoor_160_010.png,0.17340326309204102,3.4065115451812744,2.1102452278137207,0.7723410305025937,1024,768
00024_00202_outdoor_160_030.png,0.15032655000686646,3.370588779449463,1.9858293533325195,0.8277740137308555,1024,768
00024_00202_outdoor_170_000.png,0.15041570365428925,2.304121971130371,1.1318100690841675,0.7613221773278493,1024,768
00024_00202_outdoor_170_020.png,0.2996496260166168,8.360392570495605,4.2655930519104,0.5613657459410227,1024,768
00024_00202_outdoor_170_040.png,0.28421419858932495,12.78538990020752,9.073514938354492,0.5619913982487081,1024,768
00024_00202_outdoor_180_010.png,0.23087212443351746,6.376093864440918,3.6836955547332764,0.5383220981501267,1024,768
00024_00202_outdoor_180_030.png,0.3533276915550232,9.75619888305664,6.834804534912109,0.5646686355983606,1024,768
00024_00202_outdoor_190_000.png,0.22125549614429474,3.544718027114868,1.7473289966583252,0.6552081538630595,1024,768
00024_00202_outdoor_190_020.png,0.32282590866088867,6.575567245483398,4.9516143798828125,0.47751060226009157,1024,768
00024_00202_outdoor_200_010.png,0.2823491394519806,5.793155670166016,3.5956339836120605,0.6111979998458031,1024,768
00024_00202_outdoor_200_040.png,0.2293727546930313,8.985355377197266,5.527821063995361,0.671185767315977,1024,768
00024_00202_outdoor_210_000.png,0.196979820728302,3.0462141036987305,1.380636215209961,0.7459433036139951,1024,768
00024_00202_outdoor_210_030.png,0.3946710228919983,7.560492992401123,5.29127836227417,0.5645056362048168,1024,768
00024_00202_outdoor_220_020.png,0.39761385321617126,4.733748912811279,3.692857265472412,0.5095175595917436,1024,768
00024_00202_outdoor_220_040.png,0.48262572288513184,6.4459404945373535,5.0310163497924805,0.4954264263589862,1024,768
00024_00202_outdoor_230_010.png,0.40113481879234314,6.4846086502075195,3.8950905799865723,0.5480710357291363,1024,768
00024_00202_outdoor_300_030.png,0.6142441034317017,10.027732849121094,8.227953910827637,0.33066321864454884,1024,768
00024_00202_outdoor_310_040.png,0.3832913935184479,9.292678833007812,7.4240264892578125,0.5534205899193814,1024,768
00024_00202_outdoor_320_030.png,0.4101550877094269,8.148950576782227,6.758123874664307,0.446975620815539,1024,768
00024_00202_outdoor_330_040.png,0.38548654317855835,9.605634689331055,7.904815196990967,0.5037549204445952,1024,768
00024_00202_outdoor_340_030.png,0.32337382435798645,7.07520055770874,5.850514888763428,0.6164925897950148,1024,768
00022_00193_outdoor_000_000.png,0.3212394416332245,7.869028091430664,4.303037166595459,0.5800548923470475,1024,768
00022_00193_outdoor_000_020.png,0.49901169538497925,5.917297840118408,4.704158782958984,0.7148541805911025,1024,768
00022_00193_outdoor_000_040.png,0.13492588698863983,3.6393609046936035,2.2551136016845703,0.9365186286351389,1024,768
00022_00193_outdoor_010_010.png,0.5224141478538513,4.611844539642334,3.653874158859253,0.5470842006993047,1024,768
00022_00193_outdoor_010_030.png,0.1200006976723671,3.603182315826416,2.1491570472717285,0.9223186193286541,1024,768
00022_00193_outdoor_020_000.png,0.24961131811141968,8.435029029846191,3.721078634262085,0.717184215901379,1024,768
00022_00193_outdoor_030_020.png,0.5028119087219238,5.667776107788086,4.078873157501221,0.6722723985900293,1024,768
00022_00193_outdoor_030_040.png,0.1838558465242386,4.204611778259277,2.9436771869659424,0.8768434613347209,1024,768
00022_00193_outdoor_040_000.png,0.1294836699962616,2.431468963623047,0.8201001882553101,0.8608310341944654,1024,768
00022_00193_outdoor_050_010.png,0.18673484027385712,3.825399398803711,2.089268207550049,0.7273417159403363,1024,768
00022_00193_outdoor_050_030.png,0.27378612756729126,3.9961342811584473,3.1670680046081543,0.6833212183658203,1024,768
00022_00193_outdoor_050_050.png,0.1320168524980545,4.138139247894287,2.254094123840332,0.7781138654893324,1024,768
00022_00193_outdoor_060_000.png,0.15390150249004364,1.5458786487579346,0.9497581124305725,0.7584564545357638,1024,768
00022_00193_outdoor_060_020.png,0.24193139374256134,5.2975335121154785,3.192946434020996,0.6308329349443097,1024,768
00022_00193_outdoor_060_040.png,0.20199672877788544,4.610516548156738,2.8958916664123535,0.6523733669757446,1024,768
00022_00193_outdoor_070_010.png,0.14058150351047516,1.702636957168579,0.8782422542572021,0.8723489997473806,1024,768
00022_00193_outdoor_070_030.png,0.19825921952724457,4.224984645843506,2.2949228286743164,0.7500363146361891,1024,768
00022_00193_outdoor_070_050.png,0.12964053452014923,2.7907967567443848,1.3368834257125854,0.8655401829590988,1024,768
00022_00193_outdoor_080_040.png,0.10985973477363586,1.9787935018539429,0.8285242915153503,0.9265751014223569,1024,768
00022_00193_outdoor_090_000.png,0.12128535658121109,1.0527944564819336,0.7210304737091064,0.8412380256838088,1024,768
00022_00193_outdoor_100_050.png,0.16878843307495117,2.6694750785827637,1.685854434967041,0.885339612487356,1024,768
00022_00193_outdoor_110_000.png,0.13751080632209778,1.899031400680542,1.0293505191802979,0.7432370465648811,1024,768
00022_00193_outdoor_110_040.png,0.19641166925430298,2.065732717514038,1.19846510887146,0.8825013604391512,1024,768
00022_00193_outdoor_120_050.png,0.12647955119609833,2.401254653930664,1.673534870147705,0.8792527034602549,1024,768
00022_00193_outdoor_130_040.png,0.20514556765556335,3.3865809440612793,1.630366325378418,0.9002389905573661,1024,768
00022_00193_outdoor_140_000.png,0.22061368823051453,6.827548027038574,2.936075448989868,0.6412493196146509,1024,768
00022_00193_outdoor_140_030.png,0.21611011028289795,8.784088134765625,4.857522487640381,0.7455921815698628,1024,768
00022_00193_outdoor_140_050.png,0.10519295930862427,2.2991104125976562,1.6324819326400757,0.9578252398375846,1024,768
00022_00193_outdoor_150_010.png,0.17993667721748352,4.54758358001709,2.418325901031494,0.8409040223018718,1024,768
00022_00193_outdoor_150_040.png,0.12504160404205322,7.468515872955322,4.021412372589111,0.7833613204361362,1024,768
00022_00193_outdoor_160_000.png,0.21968354284763336,7.465690612792969,3.253031015396118,0.6987151193161341,1024,768
00022_00193_outdoor_160_020.png,0.4966334402561188,8.344833374023438,6.701109886169434,0.5915696002434236,1024,768
00022_00193_outdoor_170_010.png,0.5297002792358398,11.874748229980469,8.023393630981445,0.379378874428094,1024,768
00022_00193_outdoor_170_030.png,0.631161630153656,8.469501495361328,5.293072700500488,0.8798942563385671,1024,768
00022_00193_outdoor_180_020.png,1.3521604537963867,11.956212043762207,9.276205062866211,0.26790261059097437,1024,768
00022_00193_outdoor_190_000.png,0.2776741683483124,6.435825824737549,2.7404873371124268,0.7009550567389299,1024,768
00022_00193_outdoor_200_010.png,0.6536684036254883,9.969529151916504,5.271566390991211,0.4722592287980642,1024,768
00022_00193_outdoor_210_000.png,0.30710217356681824,6.485320091247559,3.17641282081604,0.6050186775672295,1024,768
00022_00193_outdoor_210_020.png,1.6607171297073364,11.532557487487793,8.800287246704102,0.23814106705805888,1024,768
00022_00193_outdoor_220_010.png,0.6303086280822754,8.091445922851562,5.012082099914551,0.4182355500865972,1024,768
00022_00193_outdoor_220_030.png,1.337548851966858,9.819814682006836,7.0996174812316895,0.3416536821598008,1024,768
00022_00193_outdoor_230_000.png,0.32605257630348206,5.452083110809326,3.0843899250030518,0.5641478347650715,1024,768
00022_00193_outdoor_230_040.png,0.8558117747306824,8.012575149536133,5.442997455596924,0.5686203978617951,1024,768
00022_00193_outdoor_240_030.png,0.8995866775512695,8.713089942932129,7.002310276031494,0.4240669216134087,1024,768
00022_00193_outdoor_310_000.png,0.4680384695529938,7.718743801116943,3.6282804012298584,0.5419501235610119,1024,768
00022_00193_outdoor_320_020.png,0.7841324210166931,12.639354705810547,6.8758063316345215,0.17376154180982986,1024,768
00022_00193_outdoor_330_010.png,0.80391526222229,9.744032859802246,5.1754350662231445,0.23260302918413828,1024,768
00022_00193_outdoor_340_000.png,0.4656854569911957,8.92051887512207,4.62138557434082,0.5018847121845343,1024,768
00022_00193_outdoor_340_020.png,1.217064380645752,10.258498191833496,7.450940132141113,0.22059971623116978,1024,768
00022_00193_outdoor_350_010.png,0.8794319033622742,7.413566589355469,5.144172191619873,0.41678740779768175,1024,768
00022_00193_outdoor_350_030.png,0.5688366889953613,6.381801128387451,4.013167858123779,0.8052328973469539,1024,768
00022_00194_outdoor_000_000.png,0.4173598885536194,7.564104080200195,3.6658430099487305,0.6101932965495962,1024,768
00022_00194_outdoor_000_020.png,1.8990561962127686,10.86157512664795,8.86803913116455,0.11347871101332989,1024,768
00022_00194_outdoor_010_040.png,0.6020896434783936,19.314950942993164,12.742384910583496,0.30605349086076933,1024,768
